franchise_id,franchise_name,vendor_code,store_name,city_name,vertical_type,has_history,orders_7d,ept_old,ept_new,reduction_min,reduction_pct,ept_new_tes,reduction_tes_min,estimated_minutes_reduced_7d,awt_old,slow_share,non_seamless_share,imputed_blocks,capped_blocks,ept_target_requested,adjustment_origin,adjustment_scope,source_franchise_id,wave,flag,input_row_number,apply_change,change_type,franchise_group_id,franchise_group_name
0011r00002VoHmEAAV,Doña Carne,149453,Doña Carne - Arlegui 2,Vina del mar,butchery,True,54.0,10.3156,11.6329,-1.3174,-0.1277,11.0,-0.6844,-36.96,2.8696,0.1296,0.2407,9,21,15.0,manual,franchise,0011r00002VoHmEAAV,,manual_adjustment,3.0,True,increase,0011r00002VoHmEAAV,Doña Carne
0011r00002VoHmEAAV,Doña Carne,148636,Doña Carne - Camilo Henriquez,Santiago,butchery,True,89.0,9.9101,12.354,-2.4439,-0.2466,11.7865,-1.8764,-167.0,1.822,0.1573,0.2584,7,15,15.0,manual,franchise,0011r00002VoHmEAAV,,manual_adjustment,3.0,True,increase,0011r00002VoHmEAAV,Doña Carne
0011r00002VoHmEAAV,Doña Carne,227275,Doña Carne - Grecia,Santiago,butchery,True,74.0,10.8785,11.6749,-0.7964,-0.0732,11.0,-0.1215,-8.99,3.2097,0.1486,0.3108,7,20,15.0,manual,franchise,0011r00002VoHmEAAV,,manual_adjustment,3.0,True,increase,0011r00002VoHmEAAV,Doña Carne
0011r00002VoHmEAAV,Doña Carne,134442,Doña Carne - La Florida,Santiago,butchery,True,63.0,3.9683,12.072,-8.1037,-2.0421,11.9683,-8.0,-504.0,6.3233,0.1905,0.381,7,20,15.0,manual,franchise,0011r00002VoHmEAAV,,manual_adjustment,3.0,True,increase,0011r00002VoHmEAAV,Doña Carne
0011r00002VoHmEAAV,Doña Carne,134472,Doña Carne - Macul,Santiago,butchery,True,70.0,6.0,12.0,-6.0,-1.0,12.0,-6.0,-420.0,2.7334,0.1,0.3,8,21,15.0,manual,franchise,0011r00002VoHmEAAV,,manual_adjustment,3.0,True,increase,0011r00002VoHmEAAV,Doña Carne
0011r00002VoHmEAAV,Doña Carne,134475,Doña Carne - Plaza Egaña,Santiago,butchery,True,122.0,11.6652,11.6243,0.041,0.0035,11.0,0.6652,81.16,1.8084,0.2869,0.3525,7,21,15.0,manual,franchise,0011r00002VoHmEAAV,,manual_adjustment,3.0,True,reduction,0011r00002VoHmEAAV,Doña Carne
0011r00002VoHmEAAV,Doña Carne,184275,Doña Carne - Talca,Talca,butchery,True,91.0,6.2422,12.015,-5.7728,-0.9248,12.0,-5.7578,-523.96,1.1362,0.033,0.1868,10,21,15.0,manual,franchise,0011r00002VoHmEAAV,,manual_adjustment,3.0,True,increase,0011r00002VoHmEAAV,Doña Carne
0011r00002VoHmEAAV,Doña Carne,227278,Doña Carne - Vicente Valdés,Santiago,butchery,True,83.0,8.5305,12.1963,-3.6658,-0.4297,12.0,-3.4695,-287.97,1.6787,0.1928,0.3133,8,21,15.0,manual,franchise,0011r00002VoHmEAAV,,manual_adjustment,3.0,True,increase,0011r00002VoHmEAAV,Doña Carne
0011r00002VoHmEAAV,Doña Carne,491121,Doña Carne - Villa Alemana,Vina del mar,butchery,True,50.0,9.4606,12.2506,-2.79,-0.2949,11.96,-2.4994,-124.97,4.5944,0.08,0.2,7,19,15.0,manual,franchise,0011r00002VoHmEAAV,,manual_adjustment,3.0,True,increase,0011r00002VoHmEAAV,Doña Carne
0011r00002VoHmEAAV,Doña Carne,173644,Doña Carne Gran Avenida,Santiago,butchery,True,97.0,8.1026,12.2183,-4.1158,-0.508,12.0,-3.8974,-378.05,0.9384,0.1237,0.2371,7,21,15.0,manual,franchise,0011r00002VoHmEAAV,,manual_adjustment,3.0,True,increase,0011r00002VoHmEAAV,Doña Carne
0011r00002VoHmEAAV,Doña Carne,491445,Doña Carne- Melipilla,Melipilla,butchery,True,32.0,6.0,12.0,-6.0,-1.0,12.0,-6.0,-192.0,0.3462,0.0,0.1562,10,21,15.0,manual,franchise,0011r00002VoHmEAAV,,manual_adjustment,3.0,True,increase,0011r00002VoHmEAAV,Doña Carne
0011r00002VoHmEAAV,Doña Carne,491444,Doña Carne- San Bernardo,Santiago,butchery,True,47.0,10.2345,12.3113,-2.0769,-0.2029,11.5532,-1.3187,-61.98,2.7443,0.2128,0.2553,10,14,15.0,manual,franchise,0011r00002VoHmEAAV,,manual_adjustment,3.0,True,increase,0011r00002VoHmEAAV,Doña Carne
0011r00002VoHmEAAV,Doña Carne,491122,Doña Carne- San Pablo,Santiago,butchery,True,84.0,15.2157,16.7926,-1.5769,-0.1036,16.2857,-1.07,-89.88,5.2865,0.369,0.4405,7,15,15.0,manual,franchise,0011r00002VoHmEAAV,,manual_adjustment,3.0,True,increase,0011r00002VoHmEAAV,Doña Carne
,,7462,Kome Y Kaya,Vina del mar,restaurants,True,113.0,13.7358,17.3452,-3.6093,-0.2628,16.8407,-3.1049,-350.85,2.8567,0.0442,0.115,0,15,18.0,manual,vendor,,,manual_adjustment,2.0,True,increase,VENDOR_7462,Independent / Kome Y Kaya
0011r00002VoHw2AAF,KFC,435680,KFC - El Belloto,Vina del mar,restaurants,True,245.0,11.8692,12.6453,-0.7761,-0.0654,11.9633,-0.0941,-23.05,3.0349,0.0041,0.098,0,17,14.0,manual,vendor,,,manual_adjustment,57.0,True,increase,0011r00002VoHw2AAF,KFC
0011r00002VoHw2AAF,KFC,484236,KFC Balmaceda La Serena,La serena,restaurants,True,730.0,20.4819,9.1083,11.3736,0.5553,8.8493,11.6326,8491.78,4.3288,0.1699,0.2466,0,14,10.0,manual,vendor,,,manual_adjustment,31.0,True,reduction,0011r00002VoHw2AAF,KFC
0011r00002VoHw2AAF,KFC,161827,KFC Calama,Calama,restaurants,True,750.0,12.1171,16.512,-4.3949,-0.3627,16.148,-4.0309,-3023.15,6.0442,0.0747,0.148,0,13,16.0,manual,vendor,,,manual_adjustment,21.0,True,increase,0011r00002VoHw2AAF,KFC
0011r00002VoHw2AAF,KFC,531058,KFC Centro Calama,Calama,restaurants,True,908.0,20.9557,7.7173,13.2384,0.6317,7.4482,13.5074,12264.74,4.8289,0.1035,0.1652,0,13,12.0,manual,vendor,,,manual_adjustment,4.0,True,reduction,0011r00002VoHw2AAF,KFC
0011r00002VoHw2AAF,KFC,465572,KFC Chamisero,Santiago,restaurants,True,229.0,13.4166,13.2063,0.2102,0.0157,12.9607,0.4559,104.39,2.6053,0.0568,0.1354,0,19,16.0,manual,vendor,,,manual_adjustment,46.0,True,reduction,0011r00002VoHw2AAF,KFC
0011r00002VoHw2AAF,KFC,151214,KFC Coquimbo,La serena,restaurants,True,443.0,12.3335,14.8059,-2.4724,-0.2005,13.9797,-1.6462,-729.25,5.326,0.1129,0.1964,0,20,16.0,manual,vendor,,,manual_adjustment,63.0,True,increase,0011r00002VoHw2AAF,KFC
0011r00002VoHw2AAF,KFC,130023,KFC Curicó,Curico,restaurants,True,188.0,6.0597,10.1602,-4.1004,-0.6767,10.0,-3.9403,-740.77,3.0999,0.0213,0.1489,0,21,13.0,manual,vendor,,,manual_adjustment,45.0,True,increase,0011r00002VoHw2AAF,KFC
0011r00002VoHw2AAF,KFC,559429,KFC El Mariscal,Santiago,restaurants,True,421.0,13.8219,14.2843,-0.4624,-0.0335,13.6841,0.1378,58.01,5.6009,0.0475,0.1544,0,16,15.0,manual,vendor,,,manual_adjustment,18.0,True,reduction,0011r00002VoHw2AAF,KFC
0011r00002VoHw2AAF,KFC,131766,KFC Espacio M,Santiago,restaurants,True,294.0,16.5143,9.3006,7.2137,0.4368,8.8605,7.6537,2250.2,4.8995,0.0816,0.1667,0,16,11.0,manual,vendor,,,manual_adjustment,19.0,True,reduction,0011r00002VoHw2AAF,KFC
0011r00002VoHw2AAF,KFC,497518,KFC Eu Los Andes,San felipe  los andes,restaurants,True,560.0,11.0827,6.2239,4.8588,0.4384,5.8607,5.222,2924.31,2.6198,0.0286,0.0786,0,15,8.0,manual,vendor,,,manual_adjustment,55.0,True,reduction,0011r00002VoHw2AAF,KFC
0011r00002VoHw2AAF,KFC,140568,KFC Iquique,Iquique,restaurants,True,620.0,17.2714,9.9563,7.3151,0.4235,9.529,7.7424,4800.26,8.5428,0.2048,0.2645,0,10,13.0,manual,vendor,,,manual_adjustment,6.0,True,reduction,0011r00002VoHw2AAF,KFC
0011r00002VoHw2AAF,KFC,320346,KFC Machalí,Rancagua,restaurants,True,694.0,7.3383,9.8387,-2.5004,-0.3407,9.6859,-2.3476,-1629.22,3.1258,0.0303,0.1037,0,9,9.0,manual,vendor,,,manual_adjustment,56.0,True,increase,0011r00002VoHw2AAF,KFC
0011r00002VoHw2AAF,KFC,396521,KFC Manquehue,Santiago,restaurants,True,416.0,8.9036,12.1258,-3.2222,-0.3619,11.7885,-2.8848,-1200.09,5.4112,0.0745,0.1514,1,16,12.0,manual,vendor,,,manual_adjustment,37.0,True,increase,0011r00002VoHw2AAF,KFC
0011r00002VoHw2AAF,KFC,202154,KFC Ovalle,Ovalle,restaurants,True,282.0,12.7197,14.7925,-2.0728,-0.163,14.3652,-1.6456,-464.05,5.6523,0.0816,0.1525,0,15,17.0,manual,vendor,,,manual_adjustment,47.0,True,increase,0011r00002VoHw2AAF,KFC
0011r00002VoHw2AAF,KFC,464735,KFC Padre Hurtado,Santiago,restaurants,True,426.0,12.4308,13.7505,-1.3197,-0.1062,12.8944,-0.4636,-197.48,4.5179,0.0258,0.1009,0,17,14.0,manual,vendor,,,manual_adjustment,40.0,True,increase,0011r00002VoHw2AAF,KFC
0011r00002VoHw2AAF,KFC,181314,KFC Paseo Estacion,Santiago,restaurants,True,319.0,12.0617,13.8648,-1.8031,-0.1495,13.4483,-1.3866,-442.32,5.1894,0.0752,0.1599,0,14,15.0,manual,vendor,,,manual_adjustment,54.0,True,increase,0011r00002VoHw2AAF,KFC
0011r00002VoHw2AAF,KFC,521223,KFC Patio Rahue,Osorno,restaurants,True,499.0,11.9711,16.8699,-4.8988,-0.4092,16.0,-4.0289,-2010.43,3.5137,0.0381,0.1363,0,20,19.0,manual,vendor,,,manual_adjustment,33.0,True,increase,0011r00002VoHw2AAF,KFC
0011r00002VoHw2AAF,KFC,125266,KFC Patronato,Santiago,restaurants,True,188.0,10.7301,13.3326,-2.6025,-0.2425,12.9521,-2.2221,-417.75,7.0759,0.0851,0.1968,0,17,15.0,manual,vendor,,,manual_adjustment,23.0,True,increase,0011r00002VoHw2AAF,KFC
0011r00002VoHw2AAF,KFC,521112,KFC Pionero,Punta arenas,restaurants,True,281.0,16.7883,18.7162,-1.9279,-0.1148,18.3879,-1.5996,-449.48,6.086,0.1922,0.2527,0,16,21.0,manual,vendor,,,manual_adjustment,25.0,True,increase,0011r00002VoHw2AAF,KFC
0011r00002VoHw2AAF,KFC,335169,KFC Plaza Maipú 2,Santiago,restaurants,True,56.0,13.1255,16.0053,-2.8798,-0.2194,15.6964,-2.5709,-143.97,4.125,0.0357,0.1429,5,15,18.0,manual,vendor,,,manual_adjustment,62.0,True,increase,0011r00002VoHw2AAF,KFC
0011r00002VoHw2AAF,KFC,308068,KFC Plaza Maule,Talca,restaurants,True,313.0,17.0437,8.1088,8.9349,0.5242,7.7252,9.3185,2916.68,1.9114,0.0895,0.1565,0,16,9.0,manual,vendor,,,manual_adjustment,17.0,True,reduction,0011r00002VoHw2AAF,KFC
0011r00002VoHw2AAF,KFC,225789,KFC Plaza Puente Alto,Santiago,restaurants,True,312.0,11.7626,12.2284,-0.4658,-0.0396,11.9167,-0.1541,-48.07,3.7268,0.0385,0.1442,0,19,14.0,manual,vendor,,,manual_adjustment,58.0,True,increase,0011r00002VoHw2AAF,KFC
0011r00002VoHw2AAF,KFC,290535,KFC Recoleta,Santiago,restaurants,True,292.0,18.6783,11.5979,7.0804,0.3791,10.8767,7.8016,2278.06,7.7277,0.1473,0.2466,0,18,13.0,manual,vendor,,,manual_adjustment,32.0,True,reduction,0011r00002VoHw2AAF,KFC
0011r00002VoHw2AAF,KFC,597304,KFC Renca,Santiago,restaurants,True,379.0,10.8959,9.3848,1.5112,0.1387,9.0,1.8959,718.56,6.1123,0.153,0.219,0,21,14.0,manual,vendor,,,manual_adjustment,8.0,True,reduction,0011r00002VoHw2AAF,KFC
0011r00002VoHw2AAF,KFC,484231,KFC Teniente Cruz,Santiago,restaurants,True,432.0,10.3796,12.5181,-2.1385,-0.206,11.8079,-1.4282,-617.0,4.9967,0.0556,0.1181,0,14,14.0,manual,vendor,,,manual_adjustment,29.0,True,increase,0011r00002VoHw2AAF,KFC
0011r00002VoHw2AAF,KFC,592110,KFC Vivo Los Toros,Santiago,restaurants,True,219.0,12.2641,15.3233,-3.0592,-0.2494,14.8128,-2.5487,-558.17,4.6902,0.0776,0.1507,2,17,17.0,manual,vendor,,,manual_adjustment,49.0,True,increase,0011r00002VoHw2AAF,KFC
0011r00002VoHw2AAF,KFC,580144,KFC Zf Punta Arenas,Punta arenas,restaurants,True,146.0,11.9594,17.1835,-5.2241,-0.4368,16.8082,-4.8488,-707.93,11.2189,0.1164,0.1986,0,16,21.0,manual,vendor,,,manual_adjustment,14.0,True,increase,0011r00002VoHw2AAF,KFC
